patient_id,true,slices,wrong,most_common_wrong_prediction
101020,glioma,18,8,meningioma
105538,pituitary,7,6,meningioma
100572,meningioma,8,5,pituitary
90284,glioma,19,5,meningioma
107946,meningioma,4,4,glioma
109968,meningioma,12,2,glioma
112648,meningioma,10,2,glioma
112650,meningioma,2,2,glioma
113554,meningioma,10,2,glioma
105653,glioma,2,1,meningioma
114417,meningioma,4,1,glioma
97607,meningioma,12,1,glioma
101029,pituitary,19,0,
103837,pituitary,20,0,
105374,meningioma,5,0,
105475,pituitary,10,0,
107190,meningioma,4,0,
108590,meningioma,6,0,
112649,pituitary,16,0,
113274,pituitary,10,0,
113741,pituitary,8,0,
114094,pituitary,13,0,
96587,glioma,4,0,
98992,pituitary,25,0,
99162,meningioma,3,0,
MR024780G,glioma,29,0,
MR029209G,glioma,20,0,
MR034694,glioma,15,0,
MR049019C,glioma,12,0,
MR049104B,glioma,8,0,
MR050135B,glioma,34,0,
MR051644,glioma,37,0,
MR051796,glioma,20,0,
MR053241C,glioma,4,0,
